departamento,seccional,municipio,unidade,endereco,data_instalacao,ano,mes,latitude,longitude,code_muni,municipio_google,municipio_spatial,ibge_spatial
DECAP,8ª SECC,São Paulo,8ª DDM,"Rua Otávio Alves Dundas, 390","agosto, 2025",2025,8,-23.5988159,-46.533127,3550308.0,São Paulo,São Paulo,3550308.0
DEMACRO,CARAPICUÍBA,Barueri,DELEGACIA DE POLÍCIA DE BARUERI,"Avenida Presidente Arthur da Costa e Silva, 92","agosto, 2022",2022,8,-23.5041217,-46.8750089,3505708.0,Barueri,Barueri,3505708.0
DEMACRO,CARAPICUÍBA,Cotia,DELEGACIA DE POLÍCIA DE COTIA,"Avenida Roque Celestino Pires, 1207","abril, 2022",2022,4,-23.6878604,-47.02078789999999,3513009.0,Cotia,Cotia,3513009.0
DEMACRO,CARAPICUÍBA,Itapevi,DELEGACIA DE POLÍCIA DE ITAPEVI,"Avenida Feres Nacif , 69","setembro, 2022",2022,9,-23.5502521,-46.9389853,3522505.0,Itapevi,Itapevi,3522505.0
DEMACRO,CARAPICUÍBA,Jandira,DELEGACIA DE POLÍCIA DE JANDIRA,"Avenida Alberto Ruffolo, 33","agosto, 2022",2022,8,-23.5333811,-46.9006774,3525003.0,Jandira,Jandira,3525003.0
DEMACRO,CARAPICUÍBA,Santana De Parnaíba,DELEGACIA DE POLÍCIA DE SANTANA DE PARNAÍBA,"Rua Álvares de Azevedo, 21","setembro, 2022",2022,9,-23.4569829,-46.9148954,3547304.0,Santana de Parnaíba,Santana de Parnaíba,3547304.0
DEMACRO,CARAPICUÍBA,Carapicuíba,1º DP CARAPICUÍBA,"Avenida Rui Barbosa, 1582","agosto, 2022",2022,8,-23.5214415,-46.843639,3510609.0,Carapicuíba,Carapicuíba,3510609.0
DEMACRO,DIADEMA,Diadema,3º DP DIADEMA,"Avenida Dom João VI, 929","junho, 2024",2024,6,-23.6723933,-46.6056613,3513801.0,Diadema,Diadema,3513801.0
DEMACRO,FRANCO DA ROCHA,Caieiras,DELEGACIA DE POLÍCIA DE CAIEIRAS,"Rua Flávio Augusto de Moraes, 180","março, 2024",2024,3,-23.3652273,-46.7496368,3509007.0,Caieiras,Caieiras,3509007.0
DEMACRO,FRANCO DA ROCHA,Cajamar,DELEGACIA DE POLÍCIA DE CAJAMAR,"Rua Manoel Antonio Gomes, 56-100","março, 2024",2024,3,-23.3376894,-46.8400687,3509205.0,Cajamar,Cajamar,3509205.0
DEMACRO,FRANCO DA ROCHA,Mairiporã,DELEGACIA DE POLÍCIA DE MAIRIPORÃ,"Rua Odorico Pereira da Silva, 50","março, 2024",2024,3,-23.3213823,-46.5843518,3528502.0,Mairiporã,Mairiporã,3528502.0
DEMACRO,FRANCO DA ROCHA,Franco Da Rocha,DELEGACIA DE POLÍCIA DE FRANCO DA ROCHA,"Estrada do Governo, 185","março, 2024",2024,3,-23.3323274,-46.7259418,3516408.0,Franco da Rocha,Franco da Rocha,3516408.0
DEMACRO,FRANCO DA ROCHA,Francisco Morato,FRANCISCO MORATO,"Rua Manoel Vilaboim, 210","março, 2024",2024,3,-23.2770688,-46.7438069,3516408.0,Francisco Morato,Francisco Morato,3516309.0
DEMACRO,GUARULHOS,Guarulhos,1º DP GUARULHOS,"Avenida Monteiro Lobato, 244","março, 2024",2024,3,-23.469904,-46.5238843,3518800.0,Guarulhos,Guarulhos,3518800.0
DEMACRO,GUARULHOS,Guarulhos,2º DP GUARULHOS,"Rua Mena, 329","março, 2024",2024,3,-23.4491214,-46.5412196,3518800.0,Guarulhos,Guarulhos,3518800.0
DEMACRO,GUARULHOS,Guarulhos,4º DP GUARULHOS,"Avenida Santana da Mundau, 684","março, 2024",2024,3,-23.4410522,-46.4220756,3518800.0,Guarulhos,Guarulhos,3518800.0
DEMACRO,GUARULHOS,Guarulhos,7º DP GUARULHOS,"Estrada Guarulhos, 2.447","março, 2024",2024,3,-23.4698876,-46.53907419999999,3518800.0,Guarulhos,Guarulhos,3518800.0
DEMACRO,GUARULHOS,Arujá,DELEGACIA DE POLÍCIA DE ARUJÁ,"Praça Bartolomeu Bueno, 7","maio, 2024",2024,5,-23.3960961,-46.3202785,3503901.0,Arujá,Arujá,3503901.0
DEMACRO,MOGI DAS CRUZES,Poá,DELEGACIA DE POLÍCIA DE POÁ,"Rua Antônio Massa, 195","outubro, 2023",2023,10,-23.5197526,-46.3409135,3539806.0,Poá,Poá,3539806.0
DEMACRO,MOGI DAS CRUZES,Biritiba Mirim,DELEGACIA DE POLÍCIA DE BIRITIBA MIRIM,"Avenida Maria José Siqueira, 95","outubro, 2023",2023,10,-23.5752271,-46.0383533,3506607.0,Biritiba Mirim,Biritiba Mirim,3506607.0
DEMACRO,MOGI DAS CRUZES,Ferraz De Vasconcelos,DELEGACIA DE POLÍCIA DE FERRAZ DE VASCONCELOS,"Rua Davi Rogatis, 49","outubro, 2023",2023,10,-23.5514161,-46.3788892,3515707.0,Ferraz de Vasconcelos,Ferraz de Vasconcelos,3515707.0
DEMACRO,MOGI DAS CRUZES,Salesópolis,DELEGACIA DE POLÍCIA DE SALESÓPOLIS,"Rua Expedito Benedito da Fonseca, 166","outubro, 2023",2023,10,-23.5270826,-45.8483063,3545001.0,Salesópolis,Salesópolis,3545001.0
DEMACRO,MOGI DAS CRUZES,Guararema,DELEGACIA DE POLÍCIA DE GUARAREMA,"Rua Rangel Junior, 148","outubro, 2023",2023,10,-23.4128451,-46.0366158,3518305.0,Guararema,Guararema,3518305.0
DEMACRO,MOGI DAS CRUZES,Mogi Das Cruzes,CPJ MOGI DAS CRUZES,"Praça Antonio Nogueira, 769","outubro, 2023",2023,10,-23.52286,-46.1832114,3530607.0,Mogi das Cruzes,Mogi das Cruzes,3530607.0
DEMACRO,MOGI DAS CRUZES,Itaquaquecetuba,DELEGACIA DE POLÍCIA DE ITAQUAQUECETUBA,"Avenida João Fernandes da Silva, 220","outubro, 2023",2023,10,-23.4851356,-46.35285409999999,3523107.0,Itaquaquecetuba,Itaquaquecetuba,3523107.0
DEMACRO,MOGI DAS CRUZES,Suzano,DELEGACIA DE POLÍCIA DE SUZANO,"Rua General Francisco Glicério, 1.762","outubro, 2023",2023,10,-23.5346473,-46.3081649,3552502.0,Suzano,Suzano,3552502.0
DEMACRO,OSASCO,Osasco,5º DP OSASCO,"Rua Melvin Jones, 152","março, 2024",2024,3,-23.5310885,-46.7750598,3534401.0,Osasco,Osasco,3534401.0
DEMACRO,OSASCO,Osasco,10º DP OSASCO,"Avenida João Ventura dos Santos, 886","março, 2024",2024,3,-23.4975184,-46.7898304,3534401.0,Osasco,Osasco,3534401.0
DEMACRO,SANTO ANDRÉ,Santo André,2º DP SANTO ANDRÉ,"Rua Angatuba, 115","março, 2024",2024,3,-23.6397643,-46.528773,3547809.0,Santo André,Santo André,3547809.0
DEMACRO,SANTO ANDRÉ,Santo André,6º DP SANTO ANDRÉ,"Rua Sigma, 300","março, 2024",2024,3,-23.6937352,-46.50890829999999,3547809.0,Santo André,Santo André,3547809.0
DEMACRO,SANTO ANDRÉ,Mauá,1º DP MAUÁ,"Rua Santa Cecilia, 465","março, 2024",2024,3,-23.6705129,-46.4609517,3529401.0,Mauá,Mauá,3529401.0
DEMACRO,SANTO ANDRÉ,Ribeirão Pires,DELEGACIA DE POLÍCIA DE RIBEIRÃO PIRES,"Avenida Prefeito Valdirio Prisco, 245","março, 2024",2024,3,-23.7075279,-46.4172725,3543303.0,Ribeirão Pires,Ribeirão Pires,3543303.0
DEMACRO,SÃO BERNARDO DO CAMPO,São Bernardo Do Campo,1º DP SÃO BERNARDO DO CAMPO,"Avenida Armando Italo Setti, 460","maio, 2024",2024,5,-23.6983648,-46.5465068,3548708.0,São Bernardo do Campo,São Bernardo do Campo,3548708.0
DEMACRO,SÃO BERNARDO DO CAMPO,São Bernardo Do Campo,2º DP SÃO BERNARDO DO CAMPO,"Rua  Sacramento, 6","maio, 2024",2024,5,-23.6525489,-46.5742312,3548708.0,São Bernardo do Campo,São Bernardo do Campo,3548708.0
DEMACRO,SÃO BERNARDO DO CAMPO,São Bernardo Do Campo,3º DP SÃO BERNARDO DO CAMPO,"Avenida João Firmino, 425","maio, 2024",2024,5,-23.720247,-46.5623236,3548708.0,São Bernardo do Campo,São Bernardo do Campo,3548708.0
DEMACRO,SÃO BERNARDO DO CAMPO,São Caetano Do Sul,DELEGACIA DE POLÍCIA DE SÃO CAETANO DO SUL,"Avenida Goias, 288","maio, 2024",2024,5,-23.6155816,-46.5749135,3548807.0,São Caetano do Sul,São Caetano do Sul,3548807.0
DEMACRO,TABOÃO DA SERRA,Taboão Da Serra,1º DP TABOÃO DA SERRA,"Avenida Jovina de Carvalho Dau, 233","março, 2024",2024,3,-23.60749,-46.7568472,3552809.0,Taboão da Serra,Taboão da Serra,3552809.0
DEMACRO,TABOÃO DA SERRA,Embu Das Artes,DPM EMBU DAS ARTES,"Avenida Marcelino Pinto Teixeira, 56","março, 2024",2024,3,-23.6417705,-46.8366901,3515004.0,Embu das Artes,Embu das Artes,3515004.0
DEMACRO,TABOÃO DA SERRA,Itapecerica Serra,DPM ITAPECERICA SERRA,"Rua Santos Dumont, 19","março, 2024",2024,3,-23.7448073,-46.8008269,,Itapecerica da Serra,Itapecerica da Serra,3522208.0
DEINTER 1,S. JOSÉ DOS CAMPOS,São José Dos Campos,CPJ SÃO JOSÉ DOS CAMPOS,"Rua Ipiau, 100","maio, 2023",2023,5,-23.2307623,-45.8855164,3549904.0,São José dos Campos,São José dos Campos,3549904.0
DEINTER 1,S. JOSÉ DOS CAMPOS,Caçapava,DELEGACIA DE POLÍCIA DE CAÇAPAVA,"Rua Comendador João Lopes, 130","março, 2025",2025,3,-23.1030138,-45.70692,3508504.0,Caçapava,Caçapava,3508504.0
DEINTER 1,JACAREÍ,Jacareí,CENTRAL DE POLÍCIA JUDICIÁRIA DE JACAREÍ,"Av. Siqueira Campos, 1.150","setembro, 2022",2022,9,-23.3019502,-45.9619007,3524402.0,Jacareí,Jacareí,3524402.0
DEINTER 1,GUARATINGUETÁ,Aparecida,DELEGACIA DE POLÍCIA DE APARECIDA,"Praça Padre Victor Coelho de Almeida, 500","novembro, 2024",2024,11,-22.8372685,-45.2232926,3502507.0,Aparecida,Aparecida,3502507.0
DEINTER 1,GUARATINGUETÁ,Guaratinguetá,PLANTÃO GUARATINGUETÁ,"Avenida João Pessoa, 1.630","abril, 2022",2022,4,-22.8039241,-45.20283879999999,3518404.0,Guaratinguetá,Guaratinguetá,3518404.0
DEINTER 1,CRUZEIRO,Bananal,DELEGACIA DE POLÍCIA DE BANANAL,"Rua Dr. José Rangel de Almeida, 75","novembro, 2024",2024,11,-22.682038,-44.3213861,3504909.0,Bananal,Bananal,3504909.0
DEINTER 1,CRUZEIRO,Queluz,DELEGACIA DE POLÍCIA DE QUELUZ,"Praça Padre Francisco das Chagas Lima, 126","novembro, 2024",2024,11,-22.5389577,-44.7753476,3541901.0,Queluz,Queluz,3541901.0
DEINTER 1,CRUZEIRO,Cruzeiro,PLANTÃO PERMANENTE CRUZEIRO,"Rua Romualdo Canevari, 45","setembro, 2024",2024,9,-22.5593198,-44.95948629999999,3513405.0,Cruzeiro,Cruzeiro,3513405.0
DEINTER 1,SÃO SEBASTIÃO,Caraguatatuba,PLANTÃO CARAGUATATUBA,"Avenida Maranhão, 341, Caraguatatuba","junho, 2024",2024,6,-23.627141,-45.41851519999999,3509601.0,Caraguatatuba,Caraguatatuba,3510500.0
DEINTER 1,SÃO SEBASTIÃO,São Sebastião,1º DP DE SÃO SEBASTIÃO,"Rua Floriano Peixoto, 200","outubro, 2024",2024,10,-23.7997711,-45.4072019,3550704.0,São Sebastião,São Sebastião,3550704.0
DEINTER 1,SÃO SEBASTIÃO,São Sebastião,2º DP DE SÃO SEBASTIÃO,"Estrada do Cascalho, 260","março, 2025",2025,3,-23.7818187,-45.6204177,3550704.0,São Sebastião,São Sebastião,3550704.0
DEINTER 1,SÃO SEBASTIÃO,Ubatuba,DELEGACIA DE POLÍCIA DE UBATUBA,"Rua Thomaz Galhardo, 89","outubro, 2024",2024,10,-23.4359972,-45.0707803,3555406.0,Ubatuba,Ubatuba,3555406.0
DEINTER 1,SÃO SEBASTIÃO,Ilhabela,DELEGACIA DE POLÍCIA DE ILHABELA,"Rua Joaquim Sampaio de Oliveira, 518","julho, 2024",2024,7,-23.8216165,-45.3658745,3520400.0,Ilhabela,Ilhabela,3520400.0
DEINTER 1,TAUBATÉ,Taubaté,CPJ TAUBATÉ,"Av. Juscelino Kubitschek de Oliveira, 260","dezembro, 2022",2022,12,-23.0355457,-45.5630194,3554102.0,Taubaté,Taubaté,3554102.0
DEINTER 1,TAUBATÉ,Campos Do Jordão,DELEGACIA DE POLÍCIA DE CAMPOS DO JORDÃO,"Rua Renato Ribeiro, 53","dezembro, 2024",2024,12,-22.7207316,-45.5734183,3509700.0,Campos do Jordão,Campos do Jordão,3509700.0
DEINTER 1,TAUBATÉ,Pindamonhangaba,DELEGACIA DE POLÍCIA DE PINDAMONHANGABA,"Rua Antônio Pinto Monteiro, 133","dezembro, 2024",2024,12,-22.9359853,-45.4638597,3538006.0,Pindamonhangaba,Pindamonhangaba,3538006.0
DEINTER 2,BRAGANÇA PAULISTA,Amparo,DELEGACIA DE POLÍCIA DE AMPARO,"Praça da Bandeira, 55","agosto, 2025",2025,8,-22.7025383,-46.76585499999999,3501905.0,Amparo,Amparo,3501905.0
DEINTER 2,BRAGANÇA PAULISTA,Bom Jesus Dos Perdões,DELEGACIA DE POLÍCIA DE BOM JESUS DOS PERDÕES,"Avenida Yadoya, 197","agosto, 2025",2025,8,-23.1372304,-46.4673842,3507100.0,Bom Jesus dos Perdões,Bom Jesus dos Perdões,3507100.0
DEINTER 2,BRAGANÇA PAULISTA,Bragança Paulista,DELEGACIA DE POLÍCIA DE BRAGANÇA PAULISTA,"Avenida Imigrantes, 29","abril, 2024",2024,4,-22.9599783,-46.5440001,3507605.0,Bragança Paulista,Bragança Paulista,3507605.0
DEINTER 2,BRAGANÇA PAULISTA,Atibaia,DELEGACIA DE POLÍCIA DE ATIBAIA,"Rua Napoleão Ferro, 315","dezembro, 2023",2023,12,-23.1179319,-46.5608824,3504107.0,Atibaia,Atibaia,3504107.0
DEINTER 2,BRAGANÇA PAULISTA,Piracaia,DELEGACIA DE POLÍCIA DE PIRACAIA,"Av. Dr. Cândido Rodrigues, 168","agosto, 2025",2025,8,-23.0552613,-46.3565497,3538600.0,Piracaia,Piracaia,3538600.0
DEINTER 2,BRAGANÇA PAULISTA,Serra Negra,DELEGACIA DE POLÍCIA DE SERRA NEGRA,"Rua José Maria Franco de Godoy, 51","abril, 2024",2024,4,-22.6285405,-46.73941019999999,3551603.0,Serra Negra,Serra Negra,3551603.0
DEINTER 2,BRAGANÇA PAULISTA,Socorro,DELEGACIA DE POLÍCIA DE SOCORRO,"Praça 9 de Julho, 40","agosto, 2025",2025,8,-22.5902469,-46.5294378,3552106.0,Socorro,Socorro,3552106.0
DEINTER 2,1ª SEC CAMPINAS,Campinas,1º DP CAMPINAS,"Rua Sebastião de Souza, 150","março, 2024",2024,3,-22.904402,-47.0695932,3509502.0,Campinas,Campinas,3509502.0
DEINTER 2,1ª SEC CAMPINAS,Valinhos,DELEGACIA DE POLÍCIA DE VALINHOS,"Avenida Onze de Agosto, 2.499","março, 2024",2024,3,-22.9790879,-46.9902843,3556206.0,Valinhos,Valinhos,3556206.0
DEINTER 2,1ª SEC CAMPINAS,Paulínia,DELEGACIA DE POLÍCIA DE PAULÍNIA,"Avenida José Paulino, 1.406","março, 2024",2024,3,-22.7711516,-47.1476055,3536505.0,Paulínia,Paulínia,3536505.0
DEINTER 2,1ª SEC CAMPINAS,Vinhedo,DELEGACIA DE POLÍCIA DE VINHEDO,"Avenida da Saudade, s/número","março, 2024",2024,3,-23.030328152262204,-46.98326047579447,3556701.0,Vinhedo,Vinhedo,3556701.0
DEINTER 2,2ª SEC CAMPINAS,Indaiatuba,DELEGACIA DE POLÍCIA DE INDAIATUBA,"Rua Bernardino de Campos, 857","julho, 2022",2022,7,-23.0900036,-47.21303349999999,3520509.0,Indaiatuba,Indaiatuba,3520509.0
DEINTER 2,JUNDIAÍ,Jundiaí,CPJ JUNDIAÍ,"Avenida Nove de Julho, 325","julho, 2022",2022,7,-23.1780397,-46.8996842,3525904.0,Jundiaí,Jundiaí,3525904.0
DEINTER 2,JUNDIAÍ,Itatiba,DELEGACIA DE POLÍCIA DE ITATIBA,"Rua Benedito da Silveira Franco, 156","janeiro, 2022",2022,1,-23.0130694,-46.8449413,3523404.0,Itatiba,Itatiba,3523404.0
DEINTER 2,JUNDIAÍ,Itupeva,DELEGACIA DE POLÍCIA DE ITUPEVA,"Avenida Guanabara, 323","março, 2025",2025,3,-23.160229,-47.0585301,3524006.0,Itupeva,Itupeva,3524006.0
DEINTER 2,JUNDIAÍ,Louveira,DELEGACIA DE POLÍCIA DE LOUVEIRA,"Avenida José Nicolau Estábile, 375","março, 2025",2025,3,-23.0934493,-46.9716978,3527306.0,Louveira,Louveira,3527306.0
DEINTER 2,JUNDIAÍ,Várzea Paulista,DELEGACIA DE POLÍCIA DE VÁRZEA PAULISTA,"Rua José Rabello Portella, 417","março, 2025",2025,3,-23.2145025,-46.84545600000001,3556503.0,Várzea Paulista,Várzea Paulista,3556503.0
DEINTER 2,MOGI GUAÇU,Mogi Guaçu,CPJ MOGI GUAÇU,"Avenida Emilia Marchi Martini, 370","fevereiro, 2023",2023,2,-22.3612441,-46.94016569999999,3530706.0,Mogi Guaçu,Mogi Guaçu,3530706.0
DEINTER 2,MOGI GUAÇU,Jaguariúna,DELEGACIA DE POLÍCIA DE JAGUARIÚNA,"Rua José Alves Guedes, 605","fevereiro, 2023",2023,2,-22.7034243,-46.9854728,3524709.0,Jaguariúna,Jaguariúna,3524709.0
DEINTER 3,ARARAQUARA,Araraquara,CPJ ARARAQUARA,"Avenida 7 de Setembro, 308","novembro, 2024",2024,11,-21.7972837,-48.1739584,3503208.0,Araraquara,Araraquara,3503208.0
DEINTER 3,ARARAQUARA,Matão,CPJ MATÃO,"Avenida XV de Novembro, 290","novembro, 2024",2024,11,-21.6081361,-48.3678007,3529302.0,Matão,Matão,3529302.0
DEINTER 3,ARARAQUARA,Taquaritinga,CPJ TAQUARITINGA,"Praça Narciso Nuevo, s/ número","novembro, 2024",2024,11,-21.4131833,-48.508229,3553708.0,Taquaritinga,Taquaritinga,3553708.0
DEINTER 3,ARARAQUARA,Ibitinga,CPJ IBITINGA,"Rua Bom Jesus, 986","novembro, 2024",2024,11,-21.7522388,-48.82581039999999,3519600.0,Ibitinga,Ibitinga,3519600.0
DEINTER 3,FRANCA,Franca,CPJ FRANCA,"R. Dr. Marrey Júnior, 2.411","dezembro, 2024",2024,12,-20.5375203,-47.3943217,3516200.0,Franca,Franca,3516200.0
DEINTER 3,FRANCA,Ituverava,DELEGACIA DE POLÍCIA DE ITUVERAVA,"Rua Fabiano Alves de Freitas, 90","dezembro, 2024",2024,12,-20.3384183,-47.7793096,3524105.0,Ituverava,Ituverava,3524105.0
DEINTER 3,FRANCA,Batatais,PLANTÃO POLICIAL DE BATATAIS,"Rua Goiás, 190","dezembro, 2024",2024,12,-20.8976663,-47.59532859999999,3505906.0,Batatais,Batatais,3505906.0
DEINTER 3,BARRETOS,Barretos,BARRETOS,"Avenida Dezessete, 440","abril, 2022",2022,4,-20.5578488,-48.565331,3505500.0,Barretos,Barretos,3505500.0
DEINTER 3,BEBEDOURO,Bebedouro,BEBEDOURO,"Rua São João, 758","novembro, 2022",2022,11,-20.9472122,-48.4823133,3506102.0,Bebedouro,Bebedouro,3506102.0
DEINTER 3,RIBEIRÃO PRETO,Ribeirão Preto,CPJ RIBEIRÃO PRETO,"Rua Duque de Caxias, 1.048","março, 2024",2024,3,-21.179609,-47.8018426,3543402.0,Ribeirão Preto,Ribeirão Preto,3543402.0
DEINTER 3,SÃO CARLOS,São Carlos,CPJ SÃO CARLOS,"Rua Santos Dumont, 500","julho, 2022",2022,7,-21.9939949,-47.88454249999999,3548906.0,São Carlos,São Carlos,3548906.0
DEINTER 3,SÃO CARLOS,Porto Ferreira,DELEGACIA DE POLÍCIA DE PORTO FERREIRA,"Rua Joaquim Miguel Pereira, 425","março, 2024",2024,3,-21.8637196,-47.4813133,3540705.0,Porto Ferreira,Porto Ferreira,3540705.0
DEINTER 3,SÃO JOAQUIM DA BARRA,São Joaquim Da Barra,CPJ SÃO JOAQUIM DA BARRA,"Rua Bahia, 1.351","março, 2024",2024,3,-20.5834291,-47.8614919,3549409.0,São Joaquim da Barra,São Joaquim da Barra,3549409.0
DEINTER 3,SEC SERTÃOZINHO,Sertãozinho,CPJ SERTÃOZINHO,"Rua Humberto Ortolan, 921","março, 2022",2022,3,-21.1353669,-47.98698,3551702.0,Sertãozinho,Sertãozinho,3551702.0
DEINTER 3,SEC SERTÃOZINHO,Jaboticabal,CPJ JABOTICABAL,"Praça Pedro Dorea, s/número","março, 2022",2022,3,-21.25589258263611,-48.32145608104673,3524303.0,Jaboticabal,Jaboticabal,3524303.0
DEINTER 4,BAURU,Da Delegacia Seccional De Bauru,PLANTÃO POLICIAL DA DELEGACIA SECCIONAL DE BAURU,"Praça Dom Pedro II, 2-70","abril, 2022",2022,4,-22.3246455,-49.0758526,,Bauru,Bauru,3506003.0
DEINTER 4,BAURU,Bauru,CPJ BAURU,"Av. Rodrigues Alves, 20-20","abril, 2022",2022,4,-22.3205692,-49.0608221,3506003.0,Bauru,Bauru,3506003.0
DEINTER 4,JAÚ,Jaú,CPJ JAÚ,"Alameda América, 90","março, 2022",2022,3,-22.3033798,-48.55832789999999,3525300.0,Jaú,Jaú,3525300.0
DEINTER 4,LINS,Lins,CPJ LINS,"Rua Érico de Abreu Sodré, 72","novembro, 2022",2022,11,-21.6721881,-49.7547113,3527108.0,Lins,Lins,3527108.0
DEINTER 4,MARÍLIA,Marília,CPJ MARÍLIA,"Rua Dr. Joaquim de Abreu Sampaio Vidal, 48","abril, 2022",2022,4,-22.2088491,-49.9543147,3529005.0,Marília,Marília,3529005.0
DEINTER 4,OURINHOS,Ourinhos,CPJ OURINHOS,"Avenida Luís Saldanha Rodrigues, 2.550","março, 2022",2022,3,-22.9762213,-49.8850972,3534708.0,Ourinhos,Ourinhos,3534708.0
DEINTER 4,TUPÃ,Tupã,CPJ TUPÃ,"Rua Mandaguaris, 876","julho, 2022",2022,7,-21.9394095,-50.5160673,3555000.0,Tupã,Tupã,3555000.0
DEINTER 5,CATANDUVA,Catanduva,DELEGACIA DE POLÍCIA DE CATANDUVA,"Rua Cafelândia, 312","abril, 2022",2022,4,-21.1467079,-48.96885469999999,3511102.0,Catanduva,Catanduva,3511102.0
DEINTER 5,FERNANDÓPOLIS,Fernandópolis,DELEGACIA DE POLÍCIA DE  FERNANDÓPOLIS,"Avenida dos Arnaldos, 902","julho, 2022",2022,7,-20.280096,-50.250203,3515509.0,Fernandópolis,Fernandópolis,3515509.0
DEINTER 5,JALES,Jales,CPJ JALES,"Avenida João Amadeu, 2.245","agosto, 2022",2022,8,-20.2584366,-50.5358434,3524808.0,Jales,Jales,3524808.0
DEINTER 5,NOVO HORIZONTE,Novo Horizonte,DELEGACIA DE POLÍCIA DE NOVO HORIZONTE,"Praça da Bandeira, s/ numero","outubro, 2022",2022,10,-21.4649805,-49.2246572,3533502.0,Novo Horizonte,Novo Horizonte,3533502.0
DEINTER 5,SJRIO PRETO,Sjrio Preto,CENTRAL DE FLAGRANTES SÃO JOSÉ RIO PRETO,"Avenida Doutor Aniloel Nazareth, 3.770","abril, 2022",2022,4,-20.803673,-49.356289,,São José do Rio Preto,São José do Rio Preto,3549805.0
DEINTER 5,SJRIO PRETO,Cedral,DELEGACIA DE POLÍCIA DE CEDRAL,"Avenida Antonio de Oliveira Jordão, 74","março, 2024",2024,3,-20.9026579,-49.27100369999999,3511300.0,Cedral,Cedral,3511300.0
DEINTER 5,SJRIO PRETO,José Bonifácio,DELEGACIA DE POLÍCIA DE JOSÉ BONIFÁCIO,"Rua Domingos F. Alonso, 551","março, 2024",2024,3,-21.0537592,-49.6848074,3525706.0,José Bonifácio,José Bonifácio,3525706.0
DEINTER 5,SJRIO PRETO,Mirassol,DELEGACIA DE POLÍCIA DE MIRASSOL,"Rua Benjamin Constant, 2.405","março, 2024",2024,3,-20.8185423,-49.51174349999999,3530300.0,Mirassol,Mirassol,3530300.0
DEINTER 5,SJRIO PRETO,Nova Granada,DELEGACIA DE POLÍCIA DE NOVA GRANADA,"Rua Jacintho Ruiz Garcia, 550","março, 2024",2024,3,-20.5324174,-49.32057349999999,3533007.0,Nova Granada,Nova Granada,3533007.0
DEINTER 5,VOTUPORANGA,Votuporanga,DELEGACIA DE POLÍCIA DE  VOTUPORANGA,"Rua Tocantins, 3.583","setembro, 2022",2022,9,-20.4248067,-49.9809345,3557105.0,Votuporanga,Votuporanga,3557105.0
DEINTER 6,SANTOS,Guarujá,CPJ GUARUJÁ,"Avenida Publisi, 656","abril, 2024",2024,4,-23.9912228,-46.2587226,3518701.0,Guarujá,Guarujá,3518701.0
DEINTER 6,SANTOS,Bertioga,CPJ BERTIOGA,"Rua Manoel Gajo, 340","julho, 2022",2022,7,-23.835073,-46.1360921,3506359.0,Bertioga,Bertioga,3506359.0
DEINTER 6,SANTOS,Cubatão,CPJ CUBATÃO,"Rua Dr. Roberto Almeida Vinhas, 25","março, 2024",2024,3,-23.8759815,-46.42147869999999,3513504.0,Cubatão,Cubatão,3513504.0
DEINTER 6,PRAIA GRANDE,Praia Grande,CPJ PRAIA GRANDE,"Avenida Dr. Roberto Almeida Vinhas,11.084","abril, 2022",2022,4,-24.0455773,-46.5308652,3541000.0,Praia Grande,Praia Grande,3541000.0
DEINTER 6,PRAIA GRANDE,São Vicente,PLANTÃO DA DELEGACIA SEDE DE SÃO VICENTE,"Rua João Ramalho, 940, São Vicente","novembro, 2022",2022,11,-23.964263,-46.3862046,3551009.0,São Vicente,São Vicente,3551009.0
DEINTER 6,ITANHAÉM,Itanhaém,1º DP DE ITANHAÉM,"Rua Dr Ricardo Falcão Rangel, 47","dezembro, 2024",2024,12,-24.1867223,-46.79357359999999,3522109.0,Itanhaém,Itanhaém,3522109.0
DEINTER 6,ITANHAÉM,Mongaguá,DELEGACIA DE POLÍCIA SEDE DE MONGAGUÁ,"Avenida São Paulo, 3285, Mongaguá","abril, 2023",2023,4,-24.095712,-46.62195209999999,3531205.0,Mongaguá,Mongaguá,3531100.0
DEINTER 6,ITANHAÉM,Peruíbe,CPJ PERUÍBE,"Rua Rubens Ferreira Martins, 462","abril, 2023",2023,4,-24.322449,-47.0043319,3537602.0,Peruíbe,Peruíbe,3537602.0
DEINTER 6,REGISTRO,Registro,CPJ REGISTRO,"Avenida José Antonio de Campos, 376","março, 2024",2024,3,-24.4957708,-47.8441111,3542602.0,Registro,Registro,3542602.0
DEINTER 6,REGISTRO,Iguape,DELEGACIA DE POLÍCIA DE IGUAPE,"Rua Major Rebello, 283","março, 2025",2025,3,-24.7070552,-47.5544166,3520301.0,Iguape,Iguape,3520301.0
DEINTER 6,REGISTRO,Miracatu,DELEGACIA DE POLÍCIA DE MIRACATU,"Avenida Washington Luis, 342","outubro, 2024",2024,10,-24.2859932,-47.4585472,3529906.0,Miracatu,Miracatu,3529906.0
DEINTER 6,JACUPIRANGA,Cajati,DELEGACIA DE POLÍCIA DE CAJATI,"Avenida Adolfo Muniz, 934","agosto, 2025",2025,8,-24.7297219,-48.1075507,3509254.0,Cajati,Cajati,3509254.0
DEINTER 6,JACUPIRANGA,Jacupiranga,DELEGACIA SECCIONAL DE POLÍCIA DE JACUPIRANGA,"Avenida Presidente Kennedy, 444","março, 2024",2024,3,-24.6973025,-48.0059122,3524600.0,Jacupiranga,Jacupiranga,3524600.0
DEINTER 7,AVARÉ,Avaré,CPJ AVARÉ,"Rua Minas Gerais, 1.315","julho, 2022",2022,7,-23.1123252,-48.9302534,3504503.0,Avaré,Avaré,3504503.0
DEINTER 7,AVARÉ,Taquarituba,DELEGACIA DE POLÍCIA DE TAQUARITUBA,"Rua Marechal Floriano Peixoto, 938","outubro, 2024",2024,10,-23.5316077,-49.2450049,3553807.0,Taquarituba,Taquarituba,3553807.0
DEINTER 7,BOTUCATU,Botucatu,CPJ BOTUCATU,"Rua Professor Wagner, 211","janeiro, 2023",2023,1,-22.887809,-48.433025,3507506.0,Botucatu,Botucatu,3507506.0
DEINTER 7,BOTUCATU,Laranjal Paulista,DELEGACIA DE POLÍCIA DE LARANJAL PAULISTA,"Rua Doutor Pereira Barreto, 10 ","maio, 2024",2024,5,-23.0521544,-47.8377959,3526407.0,Laranjal Paulista,Laranjal Paulista,3526407.0
DEINTER 7,SOROCABA,Votorantim,CPJ VOTORANTIM,"Avenida Reverendo José Manoel da Conceição, 544","março, 2022",2022,3,-23.5389059,-47.4447766,3557006.0,Votorantim,Votorantim,3557006.0
DEINTER 7,SOROCABA,São Roque,CPJ SÃO ROQUE,"Rua Quirino Capuzzo, s/ número","março, 2022",2022,3,-23.5323132,-47.1330198,3550605.0,São Roque,São Roque,3550605.0
DEINTER 7,SOROCABA,Tiete,CPJ TIETE,"Rua Marcos Marcuz, 655","março, 2022",2022,3,-23.1106513,-47.7175063,3554508.0,Tietê,Tietê,3554508.0
DEINTER 7,SOROCABA,Itu,CPJ ITU,"Rua Floriano Peixoto, 203","março, 2022",2022,3,-23.2586656,-47.3037268,3523909.0,Itu,Itu,3523909.0
DEINTER 7,SOROCABA,Ibiúna,DELEGACIA DE POLÍCIA DE IBIÚNA,"Avenida São Sebastião, 535","março, 2025",2025,3,-23.6613448,-47.2155402,3519709.0,Ibiúna,Ibiúna,3519709.0
DEINTER 7,SOROCABA,Porto Feliz,DELEGACIA DE POLÍCIA DE PORTO FELIZ,"Rua Arcilio Borges, 67","março, 2025",2025,3,-23.2126512,-47.52469929999999,3540606.0,Porto Feliz,Porto Feliz,3540606.0
DEINTER 7,ITAPETININGA,Boituva,DELEGACIA DE POLÍCIA DE BOITUVA,"Av. Profª Célia Lurdes Vercelino, 608-610","setembro, 2024",2024,9,-23.2886003,-47.6836229,3507001.0,Boituva,Boituva,3507001.0
DEINTER 7,ITAPETININGA,Itapetininga,CPJ ITAPETININGA,"Rua Expedicionários Itapetininganos, 1.093","março, 2022",2022,3,-23.5876412,-48.0373355,3522307.0,Itapetininga,Itapetininga,3522307.0
DEINTER 7,ITAPETININGA,Tatuí,CPJ TATUÍ,"Travessa Amaro Padilha, 10","julho, 2022",2022,7,-23.3438527,-47.8427588,3554003.0,Tatuí,Tatuí,3554003.0
DEINTER 7,ITAPEVA,Itapeva,PLANTÃO PERMANENTE ITAPEVA,"Rua Capão Bonito, 375","abril, 2022",2022,4,-23.9732428,-48.8777513,3522406.0,Itapeva,Itapeva,3522406.0
DEINTER 7,ITAPEVA,Capão Bonito,DELEGACIA DE POLÍCIA DE CAPÃO BONITO,"Rua Dr. Josino, 750","abril, 2022",2022,4,-24.0023578,-48.3513118,3510203.0,Capão Bonito,Capão Bonito,3510203.0
DEINTER 7,ITAPEVA,Itarare,DELEGACIA DE POLÍCIA DE ITARARE,"Rua Djalma Dutra, 241","abril, 2022",2022,4,-24.1155532,-49.3433871,3523206.0,Itararé,Itararé,3523206.0
DEINTER 7,ITAPEVA,Apiaí,DELEGACIA DE POLÍCIA DE APIAÍ,"Rua Silvério da Silva Pereira, 241","abril, 2022",2022,4,-24.5060369,-48.8434494,3502705.0,Apiaí,Apiaí,3502705.0
DEINTER 8,ADAMANTINA,Adamantina,PLANTÃO POLICIAL ADAMANTINA,"Alameda  Santa Cruz, 1.041","março, 2022",2022,3,-21.6930374,-51.0738595,3500105.0,Adamantina,Adamantina,3500105.0
DEINTER 8,ASSIS,Assis,CPJ ASSIS,"Avenida Oto Ribeiro, 700","julho, 2022",2022,7,-22.6567792,-50.4033955,3504008.0,Assis,Assis,3504008.0
DEINTER 8,ASSIS,Palmital,DELEGACIA DE POLÍCIA DE PALMITAL,"Rua João Moreira da Silva, 451","abril, 2024",2024,4,-22.7850736,-50.2229267,3535309.0,Palmital,Palmital,3535309.0
DEINTER 8,ASSIS,Maracai,DELEGACIA DE POLÍCIA DE MARACAI,"Rua General Ataliba Leonel, 705","abril, 2024",2024,4,-22.61387084373307,-50.66813685911131,3528809.0,Maracaí,Maracaí,3528809.0
DEINTER 8,DRACENA,Dracena,PLANTÃO DRACENA,"Rua Martim Afonso, 1.421","abril, 2024",2024,4,-21.489689644620576,-51.54360509337755,3514403.0,Dracena,Dracena,3514403.0
DEINTER 8,DRACENA,Tupi Paulista,DELEGACIA DE POLÍCIA DE TUPI PAULISTA,"Rua Senador Pizza, 1.071","abril, 2024",2024,4,-21.3838196,-51.5648874,3555109.0,Tupi Paulista,Tupi Paulista,3555109.0
DEINTER 8,DRACENA,Panorama,DELEGACIA DE POLÍCIA DE PANORAMA,"Praça C, 534","abril, 2024",2024,4,-21.3675849,-51.86193549999999,3535408.0,Panorama,Panorama,3535408.0
DEINTER 8,DRACENA,Junqueirópolis,DELEGACIA DE POLÍCIA DE JUNQUEIRÓPOLIS,"Rua Quinzinho da Cunha, 834","março, 2025",2025,3,-21.5109563,-51.4330909,3526001.0,Junqueirópolis,Junqueirópolis,3526001.0
DEINTER 8,PRES. PRUDENTE,Pres. Prudente,PLANTÃO PRESIDENTE PRUDENTE,"Rua Dr. Gurgel, 720","março, 2022",2022,3,-22.120838,-51.3890556,,Presidente Prudente,Presidente Prudente,3541406.0
DEINTER 8,PRES. PRUDENTE,Rancharia,DELEGACIA DE POLÍCIA DE RANCHARIA,"Rua Adamo Passianto, 180","abril, 2024",2024,4,-22.2241958,-50.8967503,3542206.0,Rancharia,Rancharia,3542206.0
DEINTER 8,PRES. PRUDENTE,Pirapozinho,DELEGACIA DE POLÍCIA DE PIRAPOZINHO,"Rua Manoel Torrão, 38","abril, 2024",2024,4,-22.2788582,-51.50819990000001,3539202.0,Pirapozinho,Pirapozinho,3539202.0
DEINTER 8,PRES. VENCESLAU,Pres. Venceslau,PLANTÃO PRESIDENTE VENCESLAU,"Avenida João Pessoa, 710","abril, 2024",2024,4,-21.8764427,-51.8473443,,Presidente Venceslau,Presidente Venceslau,3541505.0
DEINTER 8,PRES. VENCESLAU,Santo Anastácio,DELEGACIA DE POLÍCIA DE SANTO ANASTÁCIO,"Rua Heraldo Maciel  Sanches, 353","abril, 2024",2024,4,-21.974128,-51.65482739999999,3547700.0,Santo Anastácio,Santo Anastácio,3547700.0
DEINTER 8,PRES. VENCESLAU,Presidente Epitácio,DELEGACIA DE POLÍCIA DE PRESIDENTE EPITÁCIO,"Rua São Paulo, 268","abril, 2024",2024,4,-21.761691,-52.1043804,3541307.0,Presidente Epitácio,Presidente Epitácio,3541307.0
DEINTER 9,AMERICANA,Americana,CPJ AMERICANA,"Rua São Vito, 1.675","agosto, 2022",2022,8,-22.7224971,-47.3110096,3501608.0,Americana,Americana,3501608.0
DEINTER 9,AMERICANA,Sumaré,CPJ SUMARÉ,"Rua José Maria Barroca, 369","agosto, 2022",2022,8,-22.8213451,-47.2722406,3552403.0,Sumaré,Sumaré,3552403.0
DEINTER 9,AMERICANA,Santa Barbara D´Oeste,CPJ SANTA BARBARA D´OESTE,"Rua Santa Bárbara, 392","agosto, 2022",2022,8,-22.7523999,-47.4132967,,Santa Bárbara d'Oeste,Santa Bárbara D'oeste,3545803.0
DEINTER 9,AMERICANA,Hortolândia,CPJ HORTOLÂNDIA,"Rua Flamboyant, 70","agosto, 2022",2022,8,-22.8706777,-47.2009874,3519071.0,Hortolândia,Hortolândia,3519071.0
DEINTER 9,AMERICANA,Artur Nogueira,DELEGACIA DE POLÍCIA DE ARTUR NOGUEIRA,"Avenida Dr Fernando Arens, 840","março, 2025",2025,3,-22.5783427,-47.1665715,3503802.0,Artur Nogueira,Artur Nogueira,3503802.0
DEINTER 9,AMERICANA,Cosmópoli,DELEGACIA DE POLÍCIA DE COSMÓPOLI,"Rua Dr. Campos Sales, 995","janeiro, 2026",2026,1,-22.640426,-47.193731,,Cosmópolis,Cosmópolis,3512803.0
DEINTER 9,AMERICANA,Monte Mor,DELEGACIA DE POLÍCIA DE MONTE MOR,"Rua Francisco Glicério, 287","janeiro, 2026",2026,1,-22.9466181,-47.3149613,3531803.0,Monte Mor,Monte Mor,3531803.0
DEINTER 9,AMERICANA,Nova Odessa,DELEGACIA DE POLÍCIA DE NOVA ODESSA,"Rua Rio Branco, 54","janeiro, 2026",2026,1,-22.7765056,-47.29362,3533403.0,Nova Odessa,Nova Odessa,3533403.0
DEINTER 9,CASA BRANCA,De Casa Branca,DELEGACIA SECCIONAL E CPJ DE CASA BRANCA ,"Praça Ministro Costa Manso, 25","março, 2022",2022,3,-21.7742997,-47.0822255,,Casa Branca,Casa Branca,3510807.0
DEINTER 9,LIMEIRA,Araras,CPJ ARARAS,"Avenida Dona Renata, 1.875","março, 2022",2022,3,-22.3500071,-47.38573419999999,3503307.0,Araras,Araras,3503307.0
DEINTER 9,LIMEIRA,Leme,CPJ LEME,"Avenida Vinte e Nove de Agosto número, 1.190","março, 2022",2022,3,-22.1829828,-47.3832184,3526704.0,Leme,Leme,3526704.0
DEINTER 9,LIMEIRA,Pirassununga,CPJ PIRASSUNUNGA,"Rua XV de Novembro, 2.448","março, 2022",2022,3,-21.9983795,-47.4287229,3539301.0,Pirassununga,Pirassununga,3539301.0
DEINTER 9,LIMEIRA,Limeira,CPJ LIMEIRA,"Rua Francisco Ferreira da Rosa, 248","março, 2022",2022,3,-22.5759487,-47.4048575,3526902.0,Limeira,Limeira,3526902.0
DEINTER 9,PIRACICABA,Piracicaba,DELEGACIA PARTICIPATIVA - 1º DP - PLANTÃO,"Rua do Vergueiro, 888","março, 2022",2022,3,-22.7227767,-47.652928,3538709.0,Piracicaba,Piracicaba,3538709.0
DEINTER 9,PIRACICABA,Capivari,DELEGACIA DE POLÍCIA DE CAPIVARI,"Rua General Osório, 582","novembro, 2024",2024,11,-22.9976685,-47.506878,3510401.0,Capivari,Capivari,3510401.0
DEINTER 9,RIO CLARO,Rio Claro,CPJ RIO CLARO,"Avenida da Saudade, esquina com Rua 12","agosto, 2022",2022,8,-22.4208554,-47.5647331,3543907.0,Rio Claro,Rio Claro,3543907.0
DEINTER 9,SÃO JOÃO DA BOA VISTA,São João Da Boa Vista,CPJ SÃO JOÃO DA BOA VISTA,"Rua Presidente Franklin Roosevelt, 80","novembro, 2022",2022,11,-21.9774014,-46.7912656,3549102.0,São João da Boa Vista,São João da Boa Vista,3549102.0
DEINTER 10,ARAÇATUBA,Araçatuba,CPJ ARAÇATUBA,"Rua Pedro de Toledo, 322","janeiro, 2022",2022,1,-21.2135207,-50.4405163,3502804.0,Araçatuba,Araçatuba,3502804.0
DEINTER 10,ARAÇATUBA,Birigui,PLANTÃO POLICIAL DE BIRIGUI,"Rua Silvio Vieira Coelho, 663","janeiro, 2022",2022,1,-21.2972343,-50.345482,3506508.0,Birigui,Birigui,3506508.0
DEINTER 10,ARAÇATUBA,Penápolis,PLANTÃO POLICIAL DE PENÁPOLIS,"Avenida Manoel Bento da Cruz, 223","janeiro, 2024",2024,1,-21.4267925,-50.0762442,3537305.0,Penápolis,Penápolis,3537305.0
DEINTER 10,ANDRADINA,Mirandópolis,DELEGACIA DE POLÍCIA DE MIRANDÓPOLIS,"Rua Primo Antonio Marchetti, 904","dezembro, 2024",2024,12,-21.1268103,-51.100843,3530102.0,Mirandópolis,Mirandópolis,3530102.0
DEINTER 10,ANDRADINA,Andradina,PLANTÃO POLICIAL DE ANDRADINA,"Rua Guararapes, 902","julho, 2022",2022,7,-20.897902,-51.3838808,3502101.0,Andradina,Andradina,3502101.0
DEINTER 10,ANDRADINA,Castilho,DELEGACIA DE CASTILHO ,"Avenida Samira Zahr, 764","maio, 2024",2024,5,-20.8738211,-51.4890161,3511003.0,Castilho,Castilho,3511003.0
